{
    "values": [
      "#minecraft:buttons",
      "#minecraft:pressure_plates",
      "#minecraft:rails",
      "#minecraft:fire",
      "#minecraft:coral_plants",
      {
        "id": "#minecraft:climbable",
        "required": false
      },
      "minecraft:cave_air",
      "minecraft:air",
      {
        "id": "minecraft:warped_roots",
        "required": false
      },
      {
        "id": "minecraft:crimson_roots",
        "required": false
      },
      "minecraft:void_air",
      "minecraft:frogspawn",
      "minecraft:structure_void",
      "minecraft:lava",
      "minecraft:water",
      "minecraft:small_dripleaf",
      "minecraft:kelp",
      "#minecraft:crops",
      "minecraft:lever",
      "minecraft:wall_torch",
      "minecraft:soul_wall_torch",
      "minecraft:redstone_wall_torch",
      "minecraft:warped_fungus",
      "minecraft:crimson_fungus",
      "minecraft:short_grass",
      "minecraft:tall_grass",
      "#minecraft:saplings",
      {
        "id": "minecraft:bubble_column",
        "required": false
      },
      "minecraft:dead_fire_coral",
      "minecraft:dead_fire_coral_fan",
      "minecraft:dead_horn_coral",
      "minecraft:dead_horn_coral_fan",
      "minecraft:dead_bubble_coral",
      "minecraft:dead_bubble_coral_fan",
      "minecraft:dead_brain_coral",
      "minecraft:dead_brain_coral_fan",
      "minecraft:dead_tube_coral",
      "minecraft:dead_tube_coral_fan",
      "minecraft:red_mushroom",
      "minecraft:brown_mushroom",
      "minecraft:sculk_vein",
      "#minecraft:tall_flowers",
      "#minecraft:small_flowers",
      "minecraft:twisting_vines",
      "minecraft:twisting_vines_plant",
      "minecraft:weeping_vines",
      "minecraft:weeping_vines_plant",
      "minecraft:spore_blossom",
      "minecraft:vine",
      "minecraft:seagrass",
      {
        "id": "minecraft:tall_seagrass",
        "required": false
      },
      "minecraft:redstone_wire",
      "minecraft:torch",
      "minecraft:soul_torch",
      "minecraft:powder_snow",
      "minecraft:redstone_torch",
      "minecraft:tripwire",
      "minecraft:tripwire_hook",
      "#minecraft:banners",
      "#minecraft:signs",
      "#minecraft:portals",
      "minecraft:cobweb"
    ]
  }
  