{
    "values": [
        {
            "id": "minecraft:acacia_stairs",
            "required": false
        },
        {
            "id": "minecraft:andesite_stairs",
            "required": false
        },
        {
            "id": "minecraft:bamboo_mosaic_stairs",
            "required": false
        },
        {
            "id": "minecraft:bamboo_stairs",
            "required": false
        },
        {
            "id": "minecraft:birch_stairs",
            "required": false
        },
        {
            "id": "minecraft:blackstone_stairs",
            "required": false
        },
        {
            "id": "minecraft:brick_stairs",
            "required": false
        },
        {
            "id": "minecraft:cherry_stairs",
            "required": false
        },
        {
            "id": "minecraft:cobbled_deepslate_stairs",
            "required": false
        },
        {
            "id": "minecraft:cobblestone_stairs",
            "required": false
        },
        {
            "id": "minecraft:crimson_stairs",
            "required": false
        },
        {
            "id": "minecraft:cut_copper_stairs",
            "required": false
        },
        {
            "id": "minecraft:dark_oak_stairs",
            "required": false
        },
        {
            "id": "minecraft:dark_prismarine_stairs",
            "required": false
        },
        {
            "id": "minecraft:deepslate_brick_stairs",
            "required": false
        },
        {
            "id": "minecraft:deepslate_tile_stairs",
            "required": false
        },
        {
            "id": "minecraft:diorite_stairs",
            "required": false
        },
        {
            "id": "minecraft:end_stone_brick_stairs",
            "required": false
        },
        {
            "id": "minecraft:exposed_cut_copper_stairs",
            "required": false
        },
        {
            "id": "minecraft:granite_stairs",
            "required": false
        },
        {
            "id": "minecraft:jungle_stairs",
            "required": false
        },
        {
            "id": "minecraft:mangrove_stairs",
            "required": false
        },
        {
            "id": "minecraft:mossy_cobblestone_stairs",
            "required": false
        },
        {
            "id": "minecraft:mossy_stone_brick_stairs",
            "required": false
        },
        {
            "id": "minecraft:mud_brick_stairs",
            "required": false
        },
        {
            "id": "minecraft:nether_brick_stairs",
            "required": false
        },
        {
            "id": "minecraft:oak_stairs",
            "required": false
        },
        {
            "id": "minecraft:oxidized_cut_copper_stairs",
            "required": false
        },
        {
            "id": "minecraft:polished_andesite_stairs",
            "required": false
        },
        {
            "id": "minecraft:polished_blackstone_brick_stairs",
            "required": false
        },
        {
            "id": "minecraft:polished_blackstone_stairs",
            "required": false
        },
        {
            "id": "minecraft:polished_deepslate_stairs",
            "required": false
        },
        {
            "id": "minecraft:polished_diorite_stairs",
            "required": false
        },
        {
            "id": "minecraft:polished_granite_stairs",
            "required": false
        },
        {
            "id": "minecraft:prismarine_brick_stairs",
            "required": false
        },
        {
            "id": "minecraft:prismarine_stairs",
            "required": false
        },
        {
            "id": "minecraft:purpur_stairs",
            "required": false
        },
        {
            "id": "minecraft:quartz_stairs",
            "required": false
        },
        {
            "id": "minecraft:red_nether_brick_stairs",
            "required": false
        },
        {
            "id": "minecraft:red_sandstone_stairs",
            "required": false
        },
        {
            "id": "minecraft:sandstone_stairs",
            "required": false
        },
        {
            "id": "minecraft:smooth_quartz_stairs",
            "required": false
        },
        {
            "id": "minecraft:smooth_red_sandstone_stairs",
            "required": false
        },
        {
            "id": "minecraft:smooth_sandstone_stairs",
            "required": false
        },
        {
            "id": "minecraft:spruce_stairs",
            "required": false
        },
        {
            "id": "minecraft:stone_brick_stairs",
            "required": false
        },
        {
            "id": "minecraft:stone_stairs",
            "required": false
        },
        {
            "id": "minecraft:warped_stairs",
            "required": false
        },
        {
            "id": "minecraft:waxed_cut_copper_stairs",
            "required": false
        },
        {
            "id": "minecraft:waxed_exposed_cut_copper_stairs",
            "required": false
        },
        {
            "id": "minecraft:waxed_oxidized_cut_copper_stairs",
            "required": false
        },
        {
            "id": "minecraft:waxed_weathered_cut_copper_stairs",
            "required": false
        },
        {
            "id": "minecraft:weathered_cut_copper_stairs",
            "required": false
        }
    ]
}